{
  "IcoMoonType": "selection",
  "icons": [
    {
      "icon": {
        "paths": [
          "M889.366 737.92c-61.846-80.854-141.654-122.666-276.458-136.106-24.342-4.886-42.666-26.454-42.666-52.054 0-18.752 60.138-74.88 59.712-75.286 62.078-64.234 95.38-168.554 95.38-248.768 0-124.586-100.268-225.706-224-225.706s-224 101.12-224 225.706c0 80.64 32.426 185.6 95.146 249.814 0 0 59.946 55.488 59.946 74.218 0 27.114-20.48 49.706-46.934 52.906-132.054 13.866-210.986 55.466-272.214 135.254-17.704 23.062-27.304 69.356-27.944 94.102 0.214 6.4 0 106.666 0 106.666 0 47.146 38.186 85.334 85.334 85.334h661.334c47.146 0 85.334-38.186 85.334-85.334 0 0-0.214-100.266 0-106.666-0.622-24.746-10.242-71.040-27.97-94.080z"
        ],
        "attrs": [],
        "isMulticolor": false,
        "isMulticolor2": false,
        "tags": [
          "user",
          "profile",
          "avatar"
        ],
        "grid": 48
      },
      "attrs": [],
      "properties": {
        "id": 87,
        "order": 30,
        "prevSize": 48,
        "code": 59658,
        "name": "user2"
      },
      "setIdx": 0,
      "setId": 8,
      "iconIdx": 86
    },
    {
      "icon": {
        "paths": [
          "M889.366 737.92c-44.8-58.454-98.986-96.426-176.618-117.952l-72.748 254.698c0 23.466-19.2 42.666-42.666 42.666s-42.666-19.2-42.666-42.666v-202.666c0-29.44-23.894-53.334-53.334-53.334s-53.334 23.894-53.334 53.334v202.666c0 23.466-19.2 42.666-42.666 42.666s-42.666-19.2-42.666-42.666l-72.746-254.698c-77.654 21.76-131.84 59.498-176.64 117.952-17.708 23.040-27.308 69.334-27.948 94.080v106.666c0 47.146 38.186 85.334 85.334 85.334h661.334c47.146 0 85.334-38.186 85.334-85.334v-106.666c-0.642-24.746-10.242-71.040-27.97-94.080zM501.334 533.334c143.786 0 224-183.040 224-307.628s-100.268-225.706-224-225.706-224 101.12-224 225.706 77.652 307.628 224 307.628z"
        ],
        "attrs": [],
        "isMulticolor": false,
        "isMulticolor2": false,
        "tags": [
          "user",
          "profile",
          "avater"
        ],
        "grid": 48
      },
      "attrs": [],
      "properties": {
        "id": 88,
        "order": 31,
        "prevSize": 48,
        "code": 59659,
        "name": "user3"
      },
      "setIdx": 0,
      "setId": 8,
      "iconIdx": 87
    },
    {
      "icon": {
        "paths": [
          "M576 706.612v-52.78c70.498-39.728 128-138.772 128-237.832 0-159.058 0-288-192-288s-192 128.942-192 288c0 99.060 57.502 198.104 128 237.832v52.78c-217.102 17.748-384 124.42-384 253.388h896c0-128.968-166.898-235.64-384-253.388z"
        ],
        "attrs": [],
        "isMulticolor": false,
        "isMulticolor2": false,
        "tags": [
          "user",
          "profile",
          "avatar",
          "person",
          "member"
        ],
        "defaultCode": 59761,
        "grid": 16
      },
      "attrs": [],
      "properties": {
        "ligatures": "user, profile2",
        "name": "user",
        "id": 113,
        "order": 25,
        "prevSize": 32,
        "code": 59761
      },
      "setIdx": 1,
      "setId": 7,
      "iconIdx": 113
    },
    {
      "icon": {
        "paths": [
          "M384 736c0-151.234 95.874-280.486 230.032-330.2 16.28-36.538 25.968-77.164 25.968-117.8 0-159.058 0-288-192-288s-192 128.942-192 288c0 99.060 57.502 198.104 128 237.832v52.78c-217.102 17.748-384 124.42-384 253.388h397.306c-8.664-30.53-13.306-62.732-13.306-96z",
          "M736 448c-159.058 0-288 128.942-288 288s128.942 288 288 288c159.056 0 288-128.942 288-288s-128.942-288-288-288zM896 768h-128v128h-64v-128h-128v-64h128v-128h64v128h128v64z"
        ],
        "width": 1024,
        "attrs": [],
        "isMulticolor": false,
        "isMulticolor2": false,
        "tags": [
          "user-plus",
          "user",
          "user-add",
          "profile",
          "avatar",
          "person",
          "member"
        ],
        "defaultCode": 59763,
        "grid": 16
      },
      "attrs": [],
      "properties": {
        "ligatures": "user-plus, user2",
        "name": "user-plus",
        "id": 115,
        "order": 27,
        "prevSize": 32,
        "code": 59763
      },
      "setIdx": 1,
      "setId": 7,
      "iconIdx": 115
    },
    {
      "icon": {
        "paths": [
          "M384 736c0-151.234 95.874-280.486 230.032-330.2 16.28-36.538 25.968-77.164 25.968-117.8 0-159.058 0-288-192-288s-192 128.942-192 288c0 99.060 57.502 198.104 128 237.832v52.78c-217.102 17.748-384 124.42-384 253.388h397.306c-8.664-30.53-13.306-62.732-13.306-96z",
          "M736 448c-159.058 0-288 128.942-288 288s128.942 288 288 288c159.056 0 288-128.942 288-288s-128.942-288-288-288zM896 768h-320v-64h320v64z"
        ],
        "width": 1024,
        "attrs": [],
        "isMulticolor": false,
        "isMulticolor2": false,
        "tags": [
          "user-minus",
          "user",
          "user-remove",
          "profile",
          "avatar",
          "person",
          "member"
        ],
        "defaultCode": 59764,
        "grid": 16
      },
      "attrs": [],
      "properties": {
        "ligatures": "user-minus, user3",
        "name": "user-minus",
        "id": 116,
        "order": 28,
        "prevSize": 32,
        "code": 59764
      },
      "setIdx": 1,
      "setId": 7,
      "iconIdx": 116
    },
    {
      "icon": {
        "paths": [
          "M960 608l-288 288-96-96-64 64 160 160 352-352z",
          "M448 768h320v-115.128c-67.22-39.2-156.308-66.11-256-74.26v-52.78c70.498-39.728 128-138.772 128-237.832 0-159.058 0-288-192-288s-192 128.942-192 288c0 99.060 57.502 198.104 128 237.832v52.78c-217.102 17.748-384 124.42-384 253.388h448v-64z"
        ],
        "width": 1024,
        "attrs": [],
        "isMulticolor": false,
        "isMulticolor2": false,
        "tags": [
          "user-check",
          "user",
          "user-tick",
          "profile",
          "avatar",
          "person",
          "member"
        ],
        "defaultCode": 59765,
        "grid": 16
      },
      "attrs": [],
      "properties": {
        "ligatures": "user-check, user4",
        "name": "user-check",
        "id": 117,
        "order": 26,
        "prevSize": 32,
        "code": 59765
      },
      "setIdx": 1,
      "setId": 7,
      "iconIdx": 117
    },
    {
      "icon": {
        "paths": [
          "M320 192c0-106.039 85.961-192 192-192s192 85.961 192 192c0 106.039-85.961 192-192 192s-192-85.961-192-192zM768.078 448h-35.424l-199.104 404.244 74.45-372.244-96-96-96 96 74.45 372.244-199.102-404.244h-35.424c-127.924 0-127.924 85.986-127.924 192v320h768v-320c0-106.014 0-192-127.922-192z"
        ],
        "attrs": [],
        "isMulticolor": false,
        "isMulticolor2": false,
        "tags": [
          "user-tie",
          "user",
          "user-employee",
          "profile",
          "avatar",
          "person",
          "member",
          "job",
          "official"
        ],
        "defaultCode": 59766,
        "grid": 16
      },
      "attrs": [],
      "properties": {
        "ligatures": "user-tie, user5",
        "name": "user-tie",
        "id": 118,
        "order": 29,
        "prevSize": 32,
        "code": 59766
      },
      "setIdx": 1,
      "setId": 7,
      "iconIdx": 118
    },
    {
      "icon": {
        "paths": [
          "M35.328 580.147l69.786 17.306 52.531-82.483-99.84-24.678c-24.986-6.195-50.227 8.909-56.422 33.792-6.195 24.73 8.96 49.818 33.946 56.064zM946.227 593.51l-228.506 205.619-268.646-207.923c-5.12-3.891-11.008-6.81-17.306-8.294l-35.738-8.909-52.582 82.483 56.32 13.978 291.686 225.69c8.499 6.502 18.534 9.677 28.621 9.677 11.213 0 22.426-3.994 31.181-11.878l257.434-231.782c19.046-17.101 20.531-46.387 3.277-65.382-17.254-18.944-46.643-20.48-65.741-3.277zM444.621 367.616l250.214 160.205c21.146 13.517 49.203 7.885 63.488-12.595l257.382-370.79c14.643-21.094 9.37-50.022-11.827-64.512-21.197-14.592-50.125-9.318-64.768 11.776l-231.834 333.875-251.699-161.126c-10.445-6.707-23.091-8.909-35.226-6.298-12.083 2.714-22.63 10.086-29.235 20.48l-383.846 602.47c-13.824 21.606-7.373 50.33 14.336 64 7.68 4.915 16.333 7.219 24.883 7.219 15.411 0 30.515-7.629 39.322-21.504l358.81-563.2z"
        ],
        "attrs": [],
        "isMulticolor": false,
        "isMulticolor2": false,
        "tags": [
          "line-graph"
        ],
        "grid": 20
      },
      "attrs": [],
      "properties": {
        "id": 207,
        "order": 23,
        "prevSize": 20,
        "code": 59648,
        "name": "line-graph"
      },
      "setIdx": 2,
      "setId": 6,
      "iconIdx": 206
    },
    {
      "icon": {
        "paths": [
          "M358.4 512v409.6h307.2v-409.6h256l-409.6-409.6-409.6 409.6h256z"
        ],
        "attrs": [],
        "isMulticolor": false,
        "isMulticolor2": false,
        "tags": [
          "arrow-thick-up"
        ],
        "grid": 20
      },
      "attrs": [],
      "properties": {
        "id": 23,
        "order": 13,
        "prevSize": 20,
        "code": 59649,
        "name": "arrow-thick-up"
      },
      "setIdx": 4,
      "setId": 4,
      "iconIdx": 22
    },
    {
      "icon": {
        "paths": [
          "M0 512l358.4-358.4h665.6v716.8h-665.6l-358.4-358.4zM737.792 512l109.056-108.544-72.704-72.704-108.544 109.568-108.544-109.056-72.704 72.704 109.568 108.032-109.056 108.544 72.704 72.704 108.032-109.568 108.544 109.056 72.704-72.704-109.568-108.032z"
        ],
        "attrs": [],
        "isMulticolor": false,
        "isMulticolor2": false,
        "tags": [
          "backspace"
        ],
        "grid": 20
      },
      "attrs": [],
      "properties": {
        "id": 32,
        "order": 17,
        "prevSize": 20,
        "code": 59650,
        "name": "backspace"
      },
      "setIdx": 4,
      "setId": 4,
      "iconIdx": 31
    },
    {
      "icon": {
        "paths": [
          "M204.8 409.6v-102.4c0-169.662 137.538-307.2 307.2-307.2s307.2 137.538 307.2 307.2v0 102.4h51.2c56.554 0 102.4 45.846 102.4 102.4v0 409.6c0 56.554-45.846 102.4-102.4 102.4v0h-716.8c-56.554 0-102.4-45.846-102.4-102.4v0-409.6c0-56.32 46.080-102.4 102.4-102.4h51.2zM460.8 754.176v116.224h102.4v-116.224c30.824-18.035 51.2-50.978 51.2-88.681 0-56.554-45.846-102.4-102.4-102.4s-102.4 45.846-102.4 102.4c0 37.703 20.376 70.646 50.717 88.419l0.483 0.262zM358.4 307.2v102.4h307.2v-102.4c0-84.831-68.769-153.6-153.6-153.6s-153.6 68.769-153.6 153.6v0z"
        ],
        "attrs": [],
        "isMulticolor": false,
        "isMulticolor2": false,
        "tags": [
          "lock-closed"
        ],
        "grid": 20
      },
      "attrs": [],
      "properties": {
        "id": 173,
        "order": 18,
        "prevSize": 20,
        "code": 59651,
        "name": "lock-closed"
      },
      "setIdx": 4,
      "setId": 4,
      "iconIdx": 172
    },
    {
      "icon": {
        "paths": [
          "M204.8 409.6v-102.4c0-169.662 137.538-307.2 307.2-307.2s307.2 137.538 307.2 307.2v0h-153.6v102.4h204.8c56.554 0 102.4 45.846 102.4 102.4v0 409.6c0 56.554-45.846 102.4-102.4 102.4v0h-716.8c-56.554 0-102.4-45.846-102.4-102.4v0-409.6c0-56.32 46.080-102.4 102.4-102.4h51.2zM460.8 754.176v116.224h102.4v-116.224c30.824-18.035 51.2-50.978 51.2-88.681 0-56.554-45.846-102.4-102.4-102.4s-102.4 45.846-102.4 102.4c0 37.703 20.376 70.646 50.717 88.419l0.483 0.262zM358.4 307.2v102.4h307.2v-102.4c0-84.831-68.769-153.6-153.6-153.6s-153.6 68.769-153.6 153.6v0z"
        ],
        "attrs": [],
        "isMulticolor": false,
        "isMulticolor2": false,
        "tags": [
          "lock-open"
        ],
        "grid": 20
      },
      "attrs": [],
      "properties": {
        "id": 174,
        "order": 19,
        "prevSize": 20,
        "code": 59652,
        "name": "lock-open"
      },
      "setIdx": 4,
      "setId": 4,
      "iconIdx": 173
    },
    {
      "icon": {
        "paths": [
          "M665.6 512v307.2h-307.2v-307.2h-256l409.6-409.6 409.6 409.6h-256zM0 921.6h1024v102.4h-1024v-102.4z"
        ],
        "attrs": [],
        "isMulticolor": false,
        "isMulticolor2": false,
        "tags": [
          "upload"
        ],
        "grid": 20
      },
      "attrs": [],
      "properties": {
        "id": 270,
        "order": 14,
        "prevSize": 20,
        "code": 59653,
        "name": "upload"
      },
      "setIdx": 4,
      "setId": 4,
      "iconIdx": 269
    },
    {
      "icon": {
        "paths": [
          "M768 409.6v102.4h-204.8v-307.2h102.4l-153.6-204.8-153.6 204.8h102.4v409.6h-204.8v-116.224c30.824-18.035 51.2-50.978 51.2-88.681 0-56.554-45.846-102.4-102.4-102.4s-102.4 45.846-102.4 102.4c0 37.703 20.376 70.646 50.717 88.419l0.483 0.262v116.224c0 56.554 45.846 102.4 102.4 102.4v0h204.8v116.224c-30.824 18.035-51.2 50.978-51.2 88.681 0 56.554 45.846 102.4 102.4 102.4s102.4-45.846 102.4-102.4c0-37.703-20.376-70.646-50.717-88.419l-0.483-0.262v-218.624h204.8c56.554 0 102.4-45.846 102.4-102.4v0-102.4h51.2v-204.8h-204.8v204.8h51.2z"
        ],
        "attrs": [],
        "isMulticolor": false,
        "isMulticolor2": false,
        "tags": [
          "usb"
        ],
        "grid": 20
      },
      "attrs": [],
      "properties": {
        "id": 271,
        "order": 24,
        "prevSize": 20,
        "code": 59657,
        "name": "usb"
      },
      "setIdx": 4,
      "setId": 4,
      "iconIdx": 270
    },
    {
      "icon": {
        "paths": [
          "M660.48 733.184c-68.622 53.712-156.164 86.131-251.277 86.131-226.216 0-409.6-183.384-409.6-409.6s183.384-409.6 409.6-409.6c226.216 0 409.6 183.384 409.6 409.6 0 95.113-32.419 182.654-86.809 252.177l0.678-0.9 273.92 272.896-72.704 72.704-272.896-273.408zM409.6 716.8c169.662 0 307.2-137.538 307.2-307.2s-137.538-307.2-307.2-307.2v0c-169.662 0-307.2 137.538-307.2 307.2s137.538 307.2 307.2 307.2v0zM358.4 358.4v-102.4h102.4v102.4h102.4v102.4h-102.4v102.4h-102.4v-102.4h-102.4v-102.4h102.4z"
        ],
        "attrs": [],
        "isMulticolor": false,
        "isMulticolor2": false,
        "tags": [
          "zoom-in"
        ],
        "grid": 20
      },
      "attrs": [],
      "properties": {
        "id": 296,
        "order": 15,
        "prevSize": 20,
        "code": 59654,
        "name": "zoom-in"
      },
      "setIdx": 4,
      "setId": 4,
      "iconIdx": 295
    },
    {
      "icon": {
        "paths": [
          "M660.48 733.184c-68.622 53.712-156.164 86.131-251.277 86.131-226.216 0-409.6-183.384-409.6-409.6s183.384-409.6 409.6-409.6c226.216 0 409.6 183.384 409.6 409.6 0 95.113-32.419 182.654-86.809 252.177l0.678-0.9 273.92 272.896-72.704 72.704-272.896-273.408zM409.6 716.8c169.662 0 307.2-137.538 307.2-307.2s-137.538-307.2-307.2-307.2v0c-169.662 0-307.2 137.538-307.2 307.2s137.538 307.2 307.2 307.2v0zM256 358.4h307.2v102.4h-307.2v-102.4z"
        ],
        "attrs": [],
        "isMulticolor": false,
        "isMulticolor2": false,
        "tags": [
          "zoom-out"
        ],
        "grid": 20
      },
      "attrs": [],
      "properties": {
        "id": 297,
        "order": 16,
        "prevSize": 20,
        "code": 59655,
        "name": "zoom-out"
      },
      "setIdx": 4,
      "setId": 4,
      "iconIdx": 296
    },
    {
      "icon": {
        "paths": [
          "M938.667 469.333h-170.667c-17.067 0-34.133 12.8-38.4 29.867l-89.6 260.267-217.6-644.267c-4.267-17.067-21.333-29.867-38.4-29.867s-34.133 12.8-38.4 29.867l-119.467 354.133h-140.8c-25.6 0-42.667 17.067-42.667 42.667s17.067 42.667 42.667 42.667h170.667c17.067 0 34.133-12.8 38.4-29.867l89.6-260.267 217.6 648.533c4.267 17.067 21.333 29.867 38.4 29.867s34.133-12.8 38.4-29.867l119.467-354.133h140.8c25.6 0 42.667-17.067 42.667-42.667s-17.067-46.933-42.667-46.933z"
        ],
        "attrs": [],
        "isMulticolor": false,
        "isMulticolor2": false,
        "tags": [
          "activity"
        ],
        "grid": 24
      },
      "attrs": [],
      "properties": {
        "id": 1,
        "order": 22,
        "prevSize": 24,
        "code": 59656,
        "name": "activity"
      },
      "setIdx": 3,
      "setId": 5,
      "iconIdx": 0
    }
  ],
  "height": 1024,
  "metadata": {
    "name": "icomoon"
  },
  "preferences": {
    "showGlyphs": true,
    "showQuickUse": true,
    "showQuickUse2": true,
    "showSVGs": true,
    "fontPref": {
      "prefix": "icon-",
      "metadata": {
        "fontFamily": "icomoon",
        "majorVersion": 1,
        "minorVersion": 0
      },
      "metrics": {
        "emSize": 1024,
        "baseline": 6.25,
        "whitespace": 50
      },
      "embed": false,
      "resetPoint": 59648,
      "showMetrics": false,
      "showMetadata": false,
      "showVersion": false,
      "autoHost": true
    },
    "imagePref": {
      "prefix": "icon-",
      "png": true,
      "useClassSelector": true,
      "color": 0,
      "bgColor": 16777215,
      "classSelector": ".icon"
    },
    "historySize": 50,
    "showCodes": true,
    "gridSize": 16,
    "quickUsageToken": {
      "UntitledProject": "YTYxYjNmOTMxNjA1NTQxMTY4OGU3OWQxOTBmYjBlNmUjMSMxNTIzMzQ2ODkyIyMj"
    }
  }
}